Material,Su,Sy,E,G,mu,Ro,Use
ANSI Steel SAE 1015 asrolled,421,314,207000,79000,0.3,7860,True
ANSI Steel SAE 1015 normalized,424,324,207000,79000,0.3,7860,True
ANSI Steel SAE 1015 annealed,386,284,207000,79000,0.3,7860,True
ANSI Steel SAE 1020 asrolled,448,331,207000,79000,0.3,7860,True
ANSI Steel SAE 1020 normalized,441,346,207000,79000,0.3,7860,True
ANSI Steel SAE 1020 annealed,395,295,207000,79000,0.3,7860,True
ANSI Steel SAE 1022 asrolled,503,359,207000,79000,0.3,7860,True
ANSI Steel SAE 1022 normalized,483,359,207000,79000,0.3,7860,True
ANSI Steel SAE 1022 annealed,450,317,207000,79000,0.3,7860,True
ANSI Steel SAE 1030 asrolled,552,345,207000,79000,0.3,7860,False
ANSI Steel SAE 1030 normalized,517,345,207000,79000,0.3,7860,False
ANSI Steel SAE 1030 annealed,464,341,207000,79000,0.3,7860,True
ANSI Steel SAE 1030 tempered at 400 F,848,648,207000,79000,0.3,7860,False
ANSI Steel SAE 1040 asrolled,621,414,207000,79000,0.3,7860,False
ANSI Steel SAE 1040 normalized,590,374,207000,79000,0.3,7860,False
ANSI Steel SAE 1040 annealed,519,353,207000,79000,0.3,7860,False
ANSI Steel SAE 1040 tempered at 400 F,779,593,207000,79000,0.3,7860,False
ANSI Steel SAE 1050 asrolled,724,414,207000,79000,0.3,7860,False
ANSI Steel SAE 1050 normalized,748,427,207000,79000,0.3,7860,False
ANSI Steel SAE 1050 annealed,636,365,207000,79000,0.3,7860,False
ANSI Steel SAE 1050 tempered at 600 F,979,724,207000,79000,0.3,7860,False
ANSI Steel SAE 1060 asrolled,814,483,207000,79000,0.3,7860,False
ANSI Steel SAE 1060 normalized,776,421,207000,79000,0.3,7860,False
ANSI Steel SAE 1060 annealed,626,372,207000,79000,0.3,7860,False
ANSI Steel SAE 1060 tempered at 600 F,1103,779,207000,79000,0.3,7860,False
ANSI Steel SAE 1080 asrolled,965,586,207000,79000,0.3,7860,False
ANSI Steel SAE 1080 normalized,1010,524,207000,79000,0.3,7860,False
ANSI Steel SAE 1080 annealed,615,376,207000,79000,0.3,7860,False
ANSI Steel SAE 1080 tempered at 600 F,1303,979,207000,79000,0.3,7860,False
ANSI Steel SAE 1095 asrolled,965,572,207000,79000,0.3,7860,False
ANSI Steel SAE 1095 normalized,1014,500,207000,79000,0.3,7860,False
ANSI Steel SAE 1095 annealed,657,379,207000,79000,0.3,7860,False
ANSI Steel SAE 1095 tempered at 400 F,1289,827,207000,79000,0.3,7860,False
ANSI Steel SAE 1117 asrolled,487,305,207000,79000,0.3,7860,True
ANSI Steel SAE 1117 normalized,467,303,207000,79000,0.3,7860,True
ANSI Steel SAE 1117 annealed,429,279,207000,79000,0.3,7860,True
ANSI Steel SAE 1118 asrolled,521,316,207000,79000,0.3,7860,False
ANSI Steel SAE 1118 normalized,477,319,207000,79000,0.3,7860,True
ANSI Steel SAE 1118 annealed,450,284,207000,79000,0.3,7860,True
ANSI Steel SAE 1137 asrolled,627,379,207000,79000,0.3,7860,False
ANSI Steel SAE 1137 normalized,669,396,207000,79000,0.3,7860,False
ANSI Steel SAE 1137 annealed,584,345,207000,79000,0.3,7860,False
ANSI Steel SAE 1137 tempered at 400 F,1082,938,207000,79000,0.3,7860,False
ANSI Steel SAE 1141 asrolled,676,359,207000,79000,0.3,7860,False
ANSI Steel SAE 1141 normalized,707,405,207000,79000,0.3,7860,False
ANSI Steel SAE 1141 annealed,598,353,207000,79000,0.3,7860,False
ANSI Steel SAE 1141 tempered at 400 F,1535,1069,207000,79000,0.3,7860,False
ANSI Steel SAE 1144 asrolled,703,421,207000,79000,0.3,7860,False
ANSI Steel SAE 1144 normalized,667,400,207000,79000,0.3,7860,False
ANSI Steel SAE 1144 annealed,584,346,207000,79000,0.3,7860,False
ANSI Steel SAE 1144 tempered at 400 F,876,627,207000,79000,0.3,7860,False
ANSI Steel SAE 1340 normalized,836,558,207000,79000,0.3,7860,False
ANSI Steel SAE 1340 annealed,703,436,207000,79000,0.3,7860,False
ANSI Steel SAE 1340 tempered at 400 F,1535,1069,207000,79000,0.3,7860,False
ANSI Steel SAE 3140 normalized,891,600,207000,79000,0.3,7860,False
ANSI Steel SAE 3140 annealed,689,422,207000,79000,0.3,7860,False
ANSI Steel SAE 4037 tempered at 400 F,1027,758,207000,79000,0.3,7860,False
ANSI Steel SAE 4042 tempered at 400 F,1535,1069,207000,79000,0.3,7860,False
ANSI Steel SAE 4130 normalized,669,436,207000,79000,0.3,7860,False
ANSI Steel SAE 4130 annealed,560,360,207000,79000,0.3,7860,False
ANSI Steel SAE 4130 tempered at 400 F,1535,1069,207000,79000,0.3,7860,False
ANSI Steel SAE 4140 normalized,1020,655,207000,79000,0.3,7860,False
ANSI Steel SAE 4140 annealed,655,417,207000,79000,0.3,7860,False
ANSI Steel SAE 4140 tempered at 400 F,1535,1069,207000,79000,0.3,7860,False
ANSI Steel SAE 4150 normalized,1155,734,207000,79000,0.3,7860,False
ANSI Steel SAE 4150 annealed,729,379,207000,79000,0.3,7860,False
ANSI Steel SAE 4150 tempered at 400 F,1535,1069,207000,79000,0.3,7860,False
ANSI Steel SAE 4320 normalized,793,464,207000,79000,0.3,7860,False
ANSI Steel SAE 4320 annealed,579,425,207000,79000,0.3,7860,False
ANSI Steel SAE 4340 normalized,1279,862,207000,79000,0.3,7860,False
ANSI Steel SAE 4340 annealed,745,472,207000,79000,0.3,7860,False
ANSI Steel SAE 4340 tempered at 400 F,1535,1069,207000,79000,0.3,7860,False
ANSI Steel SAE 4620 normalized,574,366,207000,79000,0.3,7860,False
ANSI Steel SAE 4620 annealed,512,372,207000,79000,0.3,7860,False
ANSI Steel SAE 4820 normalized,755,484,207000,79000,0.3,7860,False
ANSI Steel SAE 4820 annealed,681,464,207000,79000,0.3,7860,False
ANSI Steel SAE 5046 tempered at 400 F,1535,1069,207000,79000,0.3,7860,False
ANSI Steel SAE 5130 tempered at 400 F,1535,1069,207000,79000,0.3,7860,False
ANSI Steel SAE 5140 normalized,793,472,207000,79000,0.3,7860,False
ANSI Steel SAE 5140 annealed,572,293,207000,79000,0.3,7860,False
ANSI Steel SAE 5140 tempered at 400 F,1535,1069,207000,79000,0.3,7860,False
ANSI Steel SAE 5150 normalized,870,529,207000,79000,0.3,7860,False
ANSI Steel SAE 5150 annealed,676,357,207000,79000,0.3,7860,False
ANSI Steel SAE 5150 tempered at 400 F,1535,1069,207000,79000,0.3,7860,False
ANSI Steel SAE 5160 normalized,957,531,207000,79000,0.3,7860,False
ANSI Steel SAE 5160 annealed,722,276,207000,79000,0.3,7860,False
ANSI Steel SAE 5160 tempered at 400 F,1535,1069,207000,79000,0.3,7860,False
ANSI Steel SAE 6150 normalized,939,615,207000,79000,0.3,7860,False
ANSI Steel SAE 6150 annealed,667,412,207000,79000,0.3,7860,False
ANSI Steel SAE 6150 tempered at 400 F,1535,1069,207000,79000,0.3,7860,False
ANSI Steel SAE 8620 normalized,633,357,207000,79000,0.3,7860,False
ANSI Steel SAE 8620 annealed,536,385,207000,79000,0.3,7860,False
ANSI Steel SAE 8630 normalized,650,429,207000,79000,0.3,7860,False
ANSI Steel SAE 8630 annealed,564,372,207000,79000,0.3,7860,False
ANSI Steel SAE 8630 tempered at 400 F,1535,1069,207000,79000,0.3,7860,False
ANSI Steel SAE 8640 tempered at 400 F,1535,1069,207000,79000,0.3,7860,False
ANSI Steel SAE 8650 normalized,1024,688,207000,79000,0.3,7860,False
ANSI Steel SAE 8650 annealed,715,386,207000,79000,0.3,7860,False
ANSI Steel SAE 8650 tempered at 400 F,1535,1069,207000,79000,0.3,7860,False
ANSI Steel SAE 8660 tempered at 800 F,1535,1069,207000,79000,0.3,7860,False
ANSI Steel SAE 8740 normalized,929,607,207000,79000,0.3,7860,False
ANSI Steel SAE 8740 annealed,695,415,207000,79000,0.3,7860,False
ANSI Steel SAE 8740 tempered at 400 F,1535,1069,207000,79000,0.3,7860,False
ANSI Steel SAE 9255 normalized,933,579,207000,79000,0.3,7860,False
ANSI Steel SAE 9255 annealed,774,486,207000,79000,0.3,7860,False
ANSI Steel SAE 9255 tempered at 400 F,1535,1069,207000,79000,0.3,7860,False
ANSI Steel SAE 9260 tempered at 800 F,1535,1069,207000,79000,0.3,7860,False
ANSI Steel SAE 9310 normalized,907,571,207000,79000,0.3,7860,False
ANSI Steel SAE 9310 annealed,820,440,207000,79000,0.3,7860,False
ANSI Steel SAE 30201 annealed,793,379,193000,161000,0.3,8030,False
ANSI Steel SAE 30201 14hard,862,517,193000,161000,0.3,8030,False
ANSI Steel SAE 30201 12hard,1034,758,193000,161000,0.3,8030,False
ANSI Steel SAE 30201 34hard,1207,931,193000,161000,0.3,8030,False
ANSI Steel SAE 30201 Fullhard,1276,965,193000,161000,0.3,8030,False
ANSI Steel SAE 30202 annealed,724,379,193000,161000,0.3,8030,False
ANSI Steel SAE 30202 14hard,862,517,193000,161000,0.3,8030,False
ANSI Steel SAE 30301 annealed,758,276,193000,161000,0.3,8030,False
ANSI Steel SAE 30301 14hard,862,517,193000,161000,0.3,8030,False
ANSI Steel SAE 30301 12hard,1034,758,193000,161000,0.3,8030,False
ANSI Steel SAE 30301 34hard,1207,931,193000,161000,0.3,8030,False
ANSI Steel SAE 30301 Fullhard,1276,965,193000,161000,0.3,8030,False
ANSI Steel SAE 30302 annealed,621,255,193000,161000,0.3,8030,False
ANSI Steel SAE 30302 14hard,862,517,193000,161000,0.3,8030,False
ANSI Steel SAE 30302B annealed,655,276,193000,161000,0.3,8030,False
ANSI Steel SAE 30303 annealed,621,241,193000,161000,0.3,8030,False
ANSI Steel SAE 30304 annealed,586,241,193000,161000,0.3,8030,False
ANSI Steel SAE 30304L annealed,552,207,193000,161000,0.3,8030,False
ANSI Steel SAE 30305 annealed,586,255,193000,161000,0.3,8030,False
ANSI Steel SAE 30308 annealed,586,241,193000,161000,0.3,8030,False
ANSI Steel SAE 30309 annealed,621,276,193000,161000,0.3,8030,False
ANSI Steel SAE 30310 annealed,655,276,193000,161000,0.3,8030,False
ANSI Steel SAE 30314 annealed,689,345,193000,161000,0.3,8030,False
ANSI Steel SAE 30316 annealed,586,241,193000,161000,0.3,8030,False
ANSI Steel SAE 30316L annealed,538,207,193000,161000,0.3,8030,False
ANSI Steel SAE 30317 annealed,621,276,193000,161000,0.3,8030,False
ANSI Steel SAE 30321 annealed,600,241,193000,161000,0.3,8030,False
ANSI Steel SAE 30347 annealed,634,241,193000,161000,0.3,8030,False
ANSI Steel SAE 30348 annealed,634,241,193000,161000,0.3,8030,False
ANSI Steel SAE 51403 annealed,517,276,200000,161000,0.3,8030,False
ANSI Steel SAE 51403 tempered at 400 F,1310,1000,200000,161000,0.3,8030,False
ANSI Steel SAE 51405 annealed,483,276,200000,161000,0.3,8030,False
ANSI Steel SAE 51410 annealed,517,276,200000,161000,0.3,8030,False
ANSI Steel SAE 51410 tempered at 400 F,1310,1000,200000,161000,0.3,8030,False
ANSI Steel SAE 51414 annealed,827,655,200000,161000,0.3,8030,False
ANSI Steel SAE 51414 tempered at 400 F,1379,1034,200000,161000,0.3,8030,False
ANSI Steel SAE 51416 annealed,517,276,200000,161000,0.3,8030,False
ANSI Steel SAE 51416 tempered at 400 F,1310,1000,200000,161000,0.3,8030,False
ANSI Steel SAE 51420 annealed,655,345,200000,161000,0.3,8030,False
ANSI Steel SAE 51420 tempered at 600 F,1535,1069,200000,161000,0.3,8030,False
ANSI Steel SAE 51430 annealed,517,310,200000,161000,0.3,8030,False
ANSI Steel SAE 51430F annealed,552,379,200000,161000,0.3,8030,False
ANSI Steel SAE 51431 annealed,862,655,200000,161000,0.3,8030,False
ANSI Steel SAE 51431 tempered at 400 F,1413,1069,200000,161000,0.3,8030,False
ANSI Steel SAE 51440A annealed,724,414,200000,161000,0.3,8030,False
ANSI Steel SAE 51440A tempered at 600 F,1535,1069,200000,161000,0.3,8030,False
ANSI Steel SAE 51440C annealed,758,448,200000,161000,0.3,8030,False
ANSI Steel SAE 51440C tempered at 600 F,1535,1069,200000,161000,0.3,8030,False
ANSI Steel SAE 51446 annealed,552,345,200000,161000,0.3,8030,False
ANSI Steel SAE 51501 annealed,483,207,200000,161000,0.3,8030,False
ANSI Steel SAE 51502 annealed,483,207,200000,161000,0.3,8030,False
ANSI Leaded Muntz metal C36500 As hot rolled,372,138,105000,40000,0.32,8800,False
ANSI Architectural bronze C38500 As extruded,414,138,105000,40000,0.32,8800,False
ANSI Copper Alloy C62500 As extruded,689,379,105000,40000,0.32,8800,False
ANSI Aluminum Alloy 2010 Cast T7,414,345,73000,26000,0.33,2700,False
ANSI Aluminum Alloy 2040 Cast T4,310,193,73000,26000,0.33,2700,False
ANSI Aluminum Alloy 2080 Cast F,131,83,73000,26000,0.33,2700,False
ANSI Aluminum Alloy 2420 Cast T61,221,138,73000,26000,0.33,2700,False
ANSI Aluminum Alloy 2420 Cast T77,165,90,73000,26000,0.33,2700,False
ANSI Aluminum Alloy 2950 Cast T4,200,90,73000,26000,0.33,2700,False
ANSI Aluminum Alloy 2950 Cast T6,221,138,73000,26000,0.33,2700,False
ANSI Aluminum Alloy 2950 Cast T62,248,193,73000,26000,0.33,2700,False
ANSI Aluminum Alloy 2950 Cast T7,200,110,73000,26000,0.33,2700,False
ANSI Aluminum Alloy 3190 Cast F,159,90,73000,26000,0.33,2700,False
ANSI Aluminum Alloy 3190 Cast T6,214,138,73000,26000,0.33,2700,False
ANSI Aluminum Alloy 3280 Cast F,172,97,73000,26000,0.33,2700,False
ANSI Aluminum Alloy 3280 Cast T6,234,145,73000,26000,0.33,2700,False
ANSI Aluminum Alloy 3550 Cast T51,172,124,73000,26000,0.33,2700,False
ANSI Aluminum Alloy 3550 Cast T6,221,138,73000,26000,0.33,2700,False
ANSI Aluminum Alloy 3550 Cast T71,207,152,73000,26000,0.33,2700,False
ANSI Aluminum Alloy C3550 Cast T6,248,172,73000,26000,0.33,2700,False
ANSI Aluminum Alloy 3560 Cast T51,159,110,73000,26000,0.33,2700,False
ANSI Aluminum Alloy 3560 Cast T6,207,138,73000,26000,0.33,2700,False
ANSI Aluminum Alloy 3560 Cast T7,214,200,73000,26000,0.33,2700,False
ANSI Aluminum Alloy 3560 Cast T71,172,124,73000,26000,0.33,2700,False
ANSI Aluminum Alloy A3560 Cast T6,234,165,73000,26000,0.33,2700,False
ANSI Aluminum Alloy 4430 Cast F,117,48,73000,26000,0.33,2700,False
ANSI Aluminum Alloy B4430 Cast F,117,41,73000,26000,0.33,2700,False
ANSI Aluminum Alloy 5120 Cast F,117,69,73000,26000,0.33,2700,False
ANSI Aluminum Alloy 5140 Cast F,152,62,73000,26000,0.33,2700,False
ANSI Aluminum Alloy 5200 Cast T4,290,152,73000,26000,0.33,2700,False
ANSI Aluminum Alloy 5350 Cast F or T5,241,124,73000,26000,0.33,2700,False
ANSI Aluminum Alloy 7050 Cast F or T5,207,117,73000,26000,0.33,2700,False
ANSI Aluminum Alloy 7070 Cast T5,228,152,73000,26000,0.33,2700,False
ANSI Aluminum Alloy 7070 Cast T7,255,207,73000,26000,0.33,2700,False
ANSI Aluminum Alloy 7100 Cast F or T5,221,138,73000,26000,0.33,2700,False
ANSI Aluminum Alloy 7120 Cast F or T5,234,172,73000,26000,0.33,2700,False
ANSI Aluminum Alloy 7130 Cast F or T5,221,152,73000,26000,0.33,2700,False
ANSI Aluminum Alloy 7710 Cast T5,290,262,73000,26000,0.33,2700,False
ANSI Aluminum Alloy 7710 Cast T51,221,186,73000,26000,0.33,2700,False
ANSI Aluminum Alloy 7710 Cast T52,248,207,73000,26000,0.33,2700,False
ANSI Aluminum Alloy 7710 Cast T53,248,186,73000,26000,0.33,2700,False
ANSI Aluminum Alloy 7710 Cast T6,290,241,73000,26000,0.33,2700,False
ANSI Aluminum Alloy 7710 Cast T71,331,310,73000,26000,0.33,2700,False
ANSI Aluminum Alloy 8520 Cast T5,165,124,73000,26000,0.33,2700,False
ANSI Aluminum Alloy 1060O Wrought,69,28,73000,26000,0.33,2700,False
ANSI Aluminum Alloy 1060H12 Wrought,83,76,73000,26000,0.33,2700,False
ANSI Aluminum Alloy 1060H14 Wrought,97,90,73000,26000,0.33,2700,False
ANSI Aluminum Alloy 1060H16 Wrought,110,103,73000,26000,0.33,2700,False
ANSI Aluminum Alloy 1060H18 Wrought,131,124,73000,26000,0.33,2700,False
ANSI Aluminum Alloy 1100O Wrought,90,34,73000,26000,0.33,2700,False
ANSI Aluminum Alloy 1100H12 Wrought,110,103,73000,26000,0.33,2700,False
ANSI Aluminum Alloy 1100H14 Wrought,124,117,73000,26000,0.33,2700,False
ANSI Aluminum Alloy 1100H16 Wrought,145,138,73000,26000,0.33,2700,False
ANSI Aluminum Alloy 1100H18 Wrought,165,152,73000,26000,0.33,2700,False
ANSI Aluminum Alloy 1350O Wrought,83,28,73000,26000,0.33,2700,False
ANSI Aluminum Alloy 1350H12 Wrought,97,83,73000,26000,0.33,2700,False
ANSI Aluminum Alloy 1350H14 Wrought,110,97,73000,26000,0.33,2700,False
ANSI Aluminum Alloy 1350H16 Wrought,124,110,73000,26000,0.33,2700,False
ANSI Aluminum Alloy 1350H19 Wrought,186,165,73000,26000,0.33,2700,False
ANSI Aluminum Alloy 2011T3 Wrought,379,296,73000,26000,0.33,2700,False
ANSI Aluminum Alloy 2011T8 Wrought,407,310,73000,26000,0.33,2700,False
ANSI Aluminum Alloy 2014O Wrought,186,97,73000,26000,0.33,2700,False
ANSI Aluminum Alloy 2014T4 Wrought,427,290,73000,26000,0.33,2700,False
ANSI Aluminum Alloy 2014T451 Wrought,427,290,73000,26000,0.33,2700,False
ANSI Aluminum Alloy 2014T6 Wrought,483,414,73000,26000,0.33,2700,False
ANSI Aluminum Alloy 2014T651 Wrought,483,414,73000,26000,0.33,2700,False
ANSI Aluminum Alloy Alclad 2014O Wrought,172,69,73000,26000,0.33,2700,False
ANSI Aluminum Alloy Alclad 2014T3 Wrought,434,276,73000,26000,0.33,2700,False
ANSI Aluminum Alloy Alclad 2014T4 Wrought,421,255,73000,26000,0.33,2700,False
ANSI Aluminum Alloy Alclad 2014T451 Wrought,421,255,73000,26000,0.33,2700,False
ANSI Aluminum Alloy Alclad 2014T6 Wrought,469,414,73000,26000,0.33,2700,False
ANSI Aluminum Alloy Alclad 2014T651 Wrought,469,414,73000,26000,0.33,2700,False
ANSI Aluminum Alloy 2017O Wrought,179,69,73000,26000,0.33,2700,False
ANSI Aluminum Alloy 2017T4 Wrought,427,276,73000,26000,0.33,2700,False
ANSI Aluminum Alloy 2017T451 Wrought,427,276,73000,26000,0.33,2700,False
ANSI Aluminum Alloy 2018T61 Wrought,421,317,73000,26000,0.33,2700,False
ANSI Aluminum Alloy 2024O Wrought,186,76,73000,26000,0.33,2700,False
ANSI Aluminum Alloy 2024T3 Wrought,483,345,73000,26000,0.33,2700,False
ANSI Aluminum Alloy 2024T351 Wrought,469,324,73000,26000,0.33,2700,False
ANSI Aluminum Alloy 2024T4 Wrought,469,324,73000,26000,0.33,2700,False
ANSI Aluminum Alloy 2024T361 Wrought,496,393,73000,26000,0.33,2700,False
ANSI Aluminum Alloy Alclad 2024O Wrought,179,76,73000,26000,0.33,2700,False
ANSI Aluminum Alloy Alclad 2024T3 Wrought,448,310,73000,26000,0.33,2700,False
ANSI Aluminum Alloy Alclad 2024T351 Wrought,441,290,73000,26000,0.33,2700,False
ANSI Aluminum Alloy Alclad 2024T4 Wrought,441,290,73000,26000,0.33,2700,False
ANSI Aluminum Alloy Alclad 202024T361 Wrought,462,365,73000,26000,0.33,2700,False
ANSI Aluminum Alloy Alclad 2024T81 Wrought,448,414,73000,26000,0.33,2700,False
ANSI Aluminum Alloy Alclad 2024T851 Wrought,448,414,73000,26000,0.33,2700,False
ANSI Aluminum Alloy Alclad 2024T861 Wrought,483,455,73000,26000,0.33,2700,False
ANSI Aluminum Alloy 2025T6 Wrought,400,255,73000,26000,0.33,2700,False
ANSI Aluminum Alloy 2036T4 Wrought,338,193,73000,26000,0.33,2700,False
ANSI Aluminum Alloy 2117T4 Wrought,296,165,73000,26000,0.33,2700,False
ANSI Aluminum Alloy 2218T72 Wrought,331,255,73000,26000,0.33,2700,False
ANSI Aluminum Alloy 2219O Wrought,172,76,73000,26000,0.33,2700,False
ANSI Aluminum Alloy 2219T42 Wrought,359,186,73000,26000,0.33,2700,False
ANSI Aluminum Alloy 2219T31 Wrought,359,248,73000,26000,0.33,2700,False
ANSI Aluminum Alloy 2219T351 Wrought,359,248,73000,26000,0.33,2700,False
ANSI Aluminum Alloy 2219T37 Wrought,393,317,73000,26000,0.33,2700,False
ANSI Aluminum Alloy 2219T62 Wrought,414,290,73000,26000,0.33,2700,False
ANSI Aluminum Alloy 2219T81 Wrought,455,352,73000,26000,0.33,2700,False
ANSI Aluminum Alloy 2219T851 Wrought,455,352,73000,26000,0.33,2700,False
ANSI Aluminum Alloy 2219T87 Wrought,476,393,73000,26000,0.33,2700,False
ANSI Aluminum Alloy 3003O Wrought,110,41,73000,26000,0.33,2700,False
ANSI Aluminum Alloy 3003H12 Wrought,131,124,73000,26000,0.33,2700,False
ANSI Aluminum Alloy 3003H14 Wrought,152,145,73000,26000,0.33,2700,False
ANSI Aluminum Alloy 3003H16 Wrought,179,172,73000,26000,0.33,2700,False
ANSI Aluminum Alloy 3003H18 Wrought,200,186,73000,26000,0.33,2700,False
ANSI Aluminum Alloy Alclad 3003O Wrought,110,41,73000,26000,0.33,2700,False
ANSI Aluminum Alloy Alclad 3003H12 Wrought,131,124,73000,26000,0.33,2700,False
ANSI Aluminum Alloy Alclad 3003H14 Wrought,152,145,73000,26000,0.33,2700,False
ANSI Aluminum Alloy Alclad 3003H16 Wrought,179,172,73000,26000,0.33,2700,False
ANSI Aluminum Alloy Alclad 3003H18 Wrought,200,186,73000,26000,0.33,2700,False
ANSI Aluminum Alloy 3004O Wrought,179,69,73000,26000,0.33,2700,False
ANSI Aluminum Alloy 3004H32 Wrought,214,172,73000,26000,0.33,2700,False
ANSI Aluminum Alloy 3004H34 Wrought,241,200,73000,26000,0.33,2700,False
ANSI Aluminum Alloy 3004H36 Wrought,262,228,73000,26000,0.33,2700,False
ANSI Aluminum Alloy 3004H38 Wrought,283,248,73000,26000,0.33,2700,False
ANSI Aluminum Alloy Alclad 3004O Wrought,179,69,73000,26000,0.33,2700,False
ANSI Aluminum Alloy Alclad 3004H32 Wrought,214,172,73000,26000,0.33,2700,False
ANSI Aluminum Alloy Alclad 3004H34 Wrought,241,200,73000,26000,0.33,2700,False
ANSI Aluminum Alloy Alclad 3004H36 Wrought,262,228,73000,26000,0.33,2700,False
ANSI Aluminum Alloy Alclad 3004H38 Wrought,283,248,73000,26000,0.33,2700,False
ANSI Aluminum Alloy 3105O Wrought,117,55,73000,26000,0.33,2700,False
ANSI Aluminum Alloy 3105H12 Wrought,152,131,73000,26000,0.33,2700,False
ANSI Aluminum Alloy 3105H14 Wrought,172,152,73000,26000,0.33,2700,False
ANSI Aluminum Alloy 3105H16 Wrought,193,172,73000,26000,0.33,2700,False
ANSI Aluminum Alloy 3105H18 Wrought,214,193,73000,26000,0.33,2700,False
ANSI Aluminum Alloy 3105H25 Wrought,179,159,73000,26000,0.33,2700,False
ANSI Aluminum Alloy 4032T6 Wrought,379,317,73000,26000,0.33,2700,False
ANSI Aluminum Alloy 5005O Wrought,124,41,73000,26000,0.33,2700,False
ANSI Aluminum Alloy 5005H12 Wrought,138,131,73000,26000,0.33,2700,False
ANSI Aluminum Alloy 5005H14 Wrought,159,152,73000,26000,0.33,2700,False
ANSI Aluminum Alloy 5005H16 Wrought,179,172,73000,26000,0.33,2700,False
ANSI Aluminum Alloy 5005H18 Wrought,200,193,73000,26000,0.33,2700,False
ANSI Aluminum Alloy 5005H32 Wrought,138,117,73000,26000,0.33,2700,False
ANSI Aluminum Alloy 5005H34 Wrought,159,138,73000,26000,0.33,2700,False
ANSI Aluminum Alloy 5005H36 Wrought,179,165,73000,26000,0.33,2700,False
ANSI Aluminum Alloy 5005H38 Wrought,200,186,73000,26000,0.33,2700,False
ANSI Aluminum Alloy 5050O Wrought,145,55,73000,26000,0.33,2700,False
ANSI Aluminum Alloy 5050H32 Wrought,172,145,73000,26000,0.33,2700,False
ANSI Aluminum Alloy 5050H34 Wrought,193,165,73000,26000,0.33,2700,False
ANSI Aluminum Alloy 5050H36 Wrought,207,179,73000,26000,0.33,2700,False
ANSI Aluminum Alloy 5050H38 Wrought,221,200,73000,26000,0.33,2700,False
ANSI Aluminum Alloy 5052O Wrought,193,90,73000,26000,0.33,2700,False
ANSI Aluminum Alloy 5052H32 Wrought,228,193,73000,26000,0.33,2700,False
ANSI Aluminum Alloy 5052H34 Wrought,262,214,73000,26000,0.33,2700,False
ANSI Aluminum Alloy 5052H36 Wrought,276,241,73000,26000,0.33,2700,False
ANSI Aluminum Alloy 5052H38 Wrought,290,255,73000,26000,0.33,2700,False
ANSI Aluminum Alloy 5056O Wrought,290,152,73000,26000,0.33,2700,False
ANSI Aluminum Alloy 5056H18 Wrought,434,407,73000,26000,0.33,2700,False
ANSI Aluminum Alloy 5056H38 Wrought,414,345,73000,26000,0.33,2700,False
ANSI Aluminum Alloy 5083O Wrought,290,145,73000,26000,0.33,2700,False
ANSI Aluminum Alloy 5083H116 Wrought,317,228,73000,26000,0.33,2700,False
ANSI Aluminum Alloy 5083H321 Wrought,317,228,73000,26000,0.33,2700,False
ANSI Aluminum Alloy 5086O Wrought,262,117,73000,26000,0.33,2700,False
ANSI Aluminum Alloy 5086H32 Wrought,290,207,73000,26000,0.33,2700,False
ANSI Aluminum Alloy 5086H34 Wrought,324,255,73000,26000,0.33,2700,False
ANSI Aluminum Alloy 5086H112 Wrought,269,131,73000,26000,0.33,2700,False
ANSI Aluminum Alloy 5086H116 Wrought,290,207,73000,26000,0.33,2700,False
ANSI Aluminum Alloy 5154O Wrought,241,117,73000,26000,0.33,2700,False
ANSI Aluminum Alloy 5154H32 Wrought,269,207,73000,26000,0.33,2700,False
ANSI Aluminum Alloy 5154H34 Wrought,290,228,73000,26000,0.33,2700,False
ANSI Aluminum Alloy 5154H36 Wrought,310,248,73000,26000,0.33,2700,False
ANSI Aluminum Alloy 5154H38 Wrought,331,269,73000,26000,0.33,2700,False
ANSI Aluminum Alloy 5154H112 Wrought,241,117,73000,26000,0.33,2700,False
ANSI Aluminum Alloy 5252H25 Wrought,234,172,73000,26000,0.33,2700,False
ANSI Aluminum Alloy 5252H28 Wrought,283,241,73000,26000,0.33,2700,False
ANSI Aluminum Alloy 5252H38 Wrought,283,241,73000,26000,0.33,2700,False
ANSI Aluminum Alloy 5254O Wrought,241,117,73000,26000,0.33,2700,False
ANSI Aluminum Alloy 5254H32 Wrought,269,207,73000,26000,0.33,2700,False
ANSI Aluminum Alloy 5254H34 Wrought,290,228,73000,26000,0.33,2700,False
ANSI Aluminum Alloy 5254H36 Wrought,310,248,73000,26000,0.33,2700,False
ANSI Aluminum Alloy 5254H38 Wrought,331,269,73000,26000,0.33,2700,False
ANSI Aluminum Alloy 5254H112 Wrought,241,117,73000,26000,0.33,2700,False
ANSI Aluminum Alloy 5454O Wrought,248,117,73000,26000,0.33,2700,False
ANSI Aluminum Alloy 5454H32 Wrought,276,207,73000,26000,0.33,2700,False
ANSI Aluminum Alloy 5454H34 Wrought,303,241,73000,26000,0.33,2700,False
ANSI Aluminum Alloy 5454H111 Wrought,262,179,73000,26000,0.33,2700,False
ANSI Aluminum Alloy 5454H112 Wrought,248,124,73000,26000,0.33,2700,False
ANSI Aluminum Alloy 5456O Wrought,310,159,73000,26000,0.33,2700,False
ANSI Aluminum Alloy 5456H112 Wrought,310,165,73000,26000,0.33,2700,False
ANSI Aluminum Alloy 5456H116 Wrought,352,255,73000,26000,0.33,2700,False
ANSI Aluminum Alloy 5456H321 Wrought,352,255,73000,26000,0.33,2700,False
ANSI Aluminum Alloy 5457O Wrought,131,48,73000,26000,0.33,2700,False
ANSI Aluminum Alloy 5457H25 Wrought,179,159,73000,26000,0.33,2700,False
ANSI Aluminum Alloy 5457H28 Wrought,207,186,73000,26000,0.33,2700,False
ANSI Aluminum Alloy 5457H38 Wrought,207,186,73000,26000,0.33,2700,False
ANSI Aluminum Alloy 5652O Wrought,193,90,73000,26000,0.33,2700,False
ANSI Aluminum Alloy 5652H32 Wrought,228,193,73000,26000,0.33,2700,False
ANSI Aluminum Alloy 5652H34 Wrought,262,214,73000,26000,0.33,2700,False
ANSI Aluminum Alloy 5652H36 Wrought,276,241,73000,26000,0.33,2700,False
ANSI Aluminum Alloy 5652H38 Wrought,290,255,73000,26000,0.33,2700,False
ANSI Aluminum Alloy 5657H25 Wrought,159,138,73000,26000,0.33,2700,False
ANSI Aluminum Alloy 5657H28 Wrought,193,165,73000,26000,0.33,2700,False
ANSI Aluminum Alloy 5657H38 Wrought,193,165,73000,26000,0.33,2700,False
ANSI Aluminum Alloy 6061O Wrought,124,55,73000,26000,0.33,2700,False
ANSI Aluminum Alloy 6061T4 Wrought,241,145,73000,26000,0.33,2700,False
ANSI Aluminum Alloy 6061T451 Wrought,241,145,73000,26000,0.33,2700,False
ANSI Aluminum Alloy 6061T6 Wrought,310,276,73000,26000,0.33,2700,False
ANSI Aluminum Alloy 6061T651 Wrought,310,276,73000,26000,0.33,2700,False
ANSI Aluminum Alloy Alclad 6061O Wrought,117,48,73000,26000,0.33,2700,False
ANSI Aluminum Alloy Alclad 6061T4 Wrought,228,131,73000,26000,0.33,2700,False
ANSI Aluminum Alloy Alclad 6061T451 Wrought,228,131,73000,26000,0.33,2700,False
ANSI Aluminum Alloy Alclad 6061T6 Wrought,290,255,73000,26000,0.33,2700,False
ANSI Aluminum Alloy Alclad 6061T651 Wrought,290,255,73000,26000,0.33,2700,False
ANSI Aluminum Alloy 6063O Wrought,90,48,73000,26000,0.33,2700,False
ANSI Aluminum Alloy 6063T1 Wrought,152,90,73000,26000,0.33,2700,False
ANSI Aluminum Alloy 6063T4 Wrought,172,90,73000,26000,0.33,2700,False
ANSI Aluminum Alloy 6063T5 Wrought,186,145,73000,26000,0.33,2700,False
ANSI Aluminum Alloy 6063T6 Wrought,241,214,73000,26000,0.33,2700,False
ANSI Aluminum Alloy 6063T83 Wrought,255,241,73000,26000,0.33,2700,False
ANSI Aluminum Alloy 6063T831 Wrought,207,186,73000,26000,0.33,2700,False
ANSI Aluminum Alloy 6063T832 Wrought,290,269,73000,26000,0.33,2700,False
ANSI Aluminum Alloy 6066O Wrought,152,83,73000,26000,0.33,2700,False
ANSI Aluminum Alloy 6066T4 Wrought,359,207,73000,26000,0.33,2700,False
ANSI Aluminum Alloy 6066T451 Wrought,359,207,73000,26000,0.33,2700,False
ANSI Aluminum Alloy 6066T6 Wrought,393,359,73000,26000,0.33,2700,False
ANSI Aluminum Alloy 6066T651 Wrought,393,359,73000,26000,0.33,2700,False
ANSI Aluminum Alloy 6070T6 Wrought,379,352,73000,26000,0.33,2700,False
ANSI Aluminum Alloy 6101H111 Wrought,97,76,73000,26000,0.33,2700,False
ANSI Aluminum Alloy 6101T6 Wrought,221,193,73000,26000,0.33,2700,False
ANSI Aluminum Alloy 6262T9 Wrought,400,379,73000,26000,0.33,2700,False
ANSI Aluminum Alloy 6351T4 Wrought,248,152,73000,26000,0.33,2700,False
ANSI Aluminum Alloy 6351T6 Wrought,310,283,73000,26000,0.33,2700,False
ANSI Aluminum Alloy 6463T1 Wrought,152,90,73000,26000,0.33,2700,False
ANSI Aluminum Alloy 6463T5 Wrought,186,145,73000,26000,0.33,2700,False
ANSI Aluminum Alloy 6463T6 Wrought,241,214,73000,26000,0.33,2700,False
ANSI Aluminum Alloy 7049T73 Wrought,517,448,73000,26000,0.33,2700,False
ANSI Aluminum Alloy 7049T7352 Wrought,517,434,73000,26000,0.33,2700,False
ANSI Aluminum Alloy 7050T73510 Wrought,496,434,73000,26000,0.33,2700,False
ANSI Aluminum Alloy 7050T7451f Wrought,524,469,73000,26000,0.33,2700,False
ANSI Aluminum Alloy 7050T7651 Wrought,552,490,73000,26000,0.33,2700,False
ANSI Aluminum Alloy 7075O Wrought,228,103,73000,26000,0.33,2700,False
ANSI Aluminum Alloy 7075T6 Wrought,572,503,73000,26000,0.33,2700,False
ANSI Aluminum Alloy 7075T651 Wrought,572,503,73000,26000,0.33,2700,False
ANSI Aluminum Alloy Alclad 7075O Wrought,221,97,73000,26000,0.33,2700,False
ANSI Aluminum Alloy Alclad 7075T6 Wrought,524,462,73000,26000,0.33,2700,False
ANSI Aluminum Alloy Alclad 7075T651 Wrought,524,462,73000,26000,0.33,2700,False
ANSI Aluminum Alloy 7178O Wrought,228,103,73000,26000,0.33,2700,False
ANSI Aluminum Alloy 7178T6 Wrought,607,538,73000,26000,0.33,2700,False
ANSI Aluminum Alloy 7178T651 Wrought,607,538,73000,26000,0.33,2700,False
ANSI Aluminum Alloy 7178T76 Wrought,572,503,73000,26000,0.33,2700,False
ANSI Aluminum Alloy 7178T7651 Wrought,572,503,73000,26000,0.33,2700,False
ANSI Aluminum Alloy Alclad 7178O Wrought,221,97,73000,26000,0.33,2700,False
ANSI Aluminum Alloy Alclad 7178T6 Wrought,558,490,73000,26000,0.33,2700,False
ANSI Aluminum Alloy Alclad 7178T651 Wrought,558,490,73000,26000,0.33,2700,False
ANSI Aluminum Alloy 8176H24 Wrought,117,97,73000,26000,0.33,2700,False
ANSI Magnesium Alloy AM100AT61 sand casting,276,152,73000,26000,0.33,1750,False
ANSI Magnesium Alloy AZ63AT6 sand casting,276,97,73000,26000,0.33,1750,False
ANSI Magnesium Alloy AZ81AT4 sand casting,276,83,73000,26000,0.33,1750,False
ANSI Magnesium Alloy AZ91CT6 sand casting,276,145,73000,26000,0.33,1750,False
ANSI Magnesium Alloy AZ91ET6 sand casting,276,145,73000,26000,0.33,1750,False
ANSI Magnesium Alloy AZ92AT6 sand casting,276,152,73000,26000,0.33,1750,False
ANSI Magnesium Alloy EZ33AT5 sand casting,159,110,73000,26000,0.33,1750,False
ANSI Magnesium Alloy HK31AT6 sand casting,221,103,73000,26000,0.33,1750,False
ANSI Magnesium Alloy HZ32AT6 sand casting,186,90,73000,26000,0.33,1750,False
ANSI Magnesium Alloy K1AF sand casting,179,55,73000,26000,0.33,1750,False
ANSI Magnesium Alloy QE22AT6 sand casting,262,193,73000,26000,0.33,1750,False
ANSI Magnesium Alloy QH21AT6 sand casting,276,207,73000,26000,0.33,1750,False
ANSI Magnesium Alloy ZE41AT5 sand casting,207,138,73000,26000,0.33,1750,False
ANSI Magnesium Alloy ZE63AT6 sand casting,303,193,73000,26000,0.33,1750,False
ANSI Magnesium Alloy ZH62AT5 sand casting,241,152,73000,26000,0.33,1750,False
ANSI Magnesium Alloy ZK51AT5 sand casting,207,138,73000,26000,0.33,1750,False
ANSI Magnesium Alloy ZK61AT6 sand casting,310,193,73000,26000,0.33,1750,False
ANSI Magnesium Alloy WE54AF sand casting,276,200,73000,26000,0.33,1750,False
ANSI Magnesium Alloy AZ91AF pressure die casting,234,159,73000,26000,0.33,1750,False
ANSI Magnesium Alloy AZ91BFAZ91BF pressure die casting,234,159,73000,26000,0.33,1750,False
ANSI Magnesium Alloy AZ91DF pressure die casting,234,159,73000,26000,0.33,1750,False
ANSI Magnesium Alloy AM60AF pressure die casting,221,131,73000,26000,0.33,1750,False
ANSI Magnesium Alloy AM60BF pressure die casting,221,131,73000,26000,0.33,1750,False
ANSI Magnesium Alloy AS41AF pressure die casting,214,138,73000,26000,0.33,1750,False
ANSI Magnesium Alloy AZ10AF As extruded,241,145,73000,26000,0.33,1750,False
ANSI Magnesium Alloy AZ31BF As extruded,262,200,73000,26000,0.33,1750,False
ANSI Magnesium Alloy AZ31CF As extruded,262,200,73000,26000,0.33,1750,False
ANSI Magnesium Alloy AZ61AF As extruded,310,228,73000,26000,0.33,1750,False
ANSI Magnesium Alloy AZ80AT5 As extruded,379,276,73000,26000,0.33,1750,False
ANSI Magnesium Alloy HM31AF As extruded,290,228,73000,26000,0.33,1750,False
ANSI Magnesium Alloy M1AF As extruded,255,179,73000,26000,0.33,1750,False
ANSI Magnesium Alloy ZK40AT5 As extruded,276,255,73000,26000,0.33,1750,False
ANSI Magnesium Alloy ZK60AF As extruded,352,283,73000,26000,0.33,1750,False
ISO EN C45 heat treated,650,430,206000,80000,0.3,7860,False
ISO EN C50 heat treated,700,460,206000,80000,0.3,7860,False
ISO EN C55 heat treated,750,490,206000,80000,0.3,7860,False
ISO EN C60 heat treated,800,520,206000,80000,0.3,7860,False
ISO EN 28Mn6 heat treated,700,490,206000,80000,0.3,7860,False
ISO EN 34Cr4 heat treated,800,590,206000,80000,0.3,7860,False
ISO EN 37Cr4 heat treated,850,630,206000,80000,0.3,7860,False
ISO EN 41Cr4 heat treated,900,660,206000,80000,0.3,7860,False
ISO EN 16MnCr5 casehardened,900,680,206000,80000,0.3,7860,False
ISO EN 20MnCr5 casehardened,980,680,206000,80000,0.3,7860,False
ISO EN 25CrMo4 heat treated,800,600,206000,80000,0.3,7860,False
ISO EN 34CrMo4 heat treated,900,650,206000,80000,0.3,7860,False
ISO EN 42CrMo4 heat treated,1000,770,206000,80000,0.3,7860,False
ISO EN 51CrV4 casehardened,900,700,206000,80000,0.3,7860,False
ISO EN 16NiCr4 casehardened,835,590,206000,80000,0.3,7860,False
ISO EN 34CrNiMo6 heat treated,1100,900,206000,80000,0.3,7860,False
ISO EN 30CrNiMo8 heat treated,1250,1050,206000,80000,0.3,7860,False
DIN DIN Ck10 casehardened,440,275,206000,80000,0.3,7860,True
DIN DIN Ck15 casehardened,495,295,206000,80000,0.3,7860,True
DIN DIN Ck40 heat treated,630,400,206000,80000,0.3,7860,False
DIN DIN Ck45 normalized,535,320,206000,80000,0.3,7860,False
DIN DIN Ck45 heat treated,650,430,206000,80000,0.3,7860,False
DIN DIN Ck50 face hardened,700,460,206000,80000,0.3,7860,False
DIN DIN Ck55 heat treated,750,500,206000,80000,0.3,7860,False
DIN DIN Ck60 normalized,680,400,206000,80000,0.3,7860,False
DIN DIN Ck60 heat treated,800,520,206000,80000,0.3,7860,False
DIN DIN Ck60 nitrocarburized,800,520,206000,80000,0.3,7860,False
DIN DIN 37Cr4 heat treated,850,630,206000,80000,0.3,7860,False
DIN DIN 37Cr4 face hardened,850,630,206000,80000,0.3,7860,False
DIN DIN 37Cr4 nitrocasehard,1535,1069,206000,80000,0.3,7860,False
DIN DIN 55Cr3 heat treated,1450,1069,206000,80000,0.3,7860,False
DIN DIN 16MnCr5 casehardened,900,680,206000,80000,0.3,7860,False
DIN DIN 54SiCr6 heat treated,1370,1069,206000,80000,0.3,7860,False
DIN DIN 30CrV9 nitrided,800,600,206000,80000,0.3,7860,False
DIN DIN 42CrV6 heat treated,980,850,206000,80000,0.3,7860,False
DIN DIN 42CrV6 face hardened,980,850,206000,80000,0.3,7860,False
DIN DIN 50CrV4 heat treated,1370,1069,206000,80000,0.3,7860,False
BS BS 251A58 heat treated,1300,1069,206000,80000,0.3,7860,False
BS BS 530M40 heat treated,775,570,206000,80000,0.3,7860,False
BS BS 530M40 face hardened,850,665,206000,80000,0.3,7860,False
BS BS 525A60 heat treated,1380,1069,206000,80000,0.3,7860,False
BS BS 708M40 heat treated,850,665,206000,80000,0.3,7860,False
BS BS 708M40 face hardened,925,740,206000,80000,0.3,7860,False
BS BS 735A51 heat treated,1370,1069,206000,80000,0.3,7860,False
BS BS 905M39 nitrided,775,570,206000,80000,0.3,7860,False
BS BS 722M24 nitrided,850,685,206000,80000,0.3,7860,False
BS BS 817M40 heat treated,1075,925,206000,80000,0.3,7860,False
CSN CSN 11110 normalized,471,373,206000,80000,0.3,7860,True
CSN CSN 11140 normalized,660,520,206000,80000,0.3,7860,False
CSN CSN 11523 normalized,510,345,206000,80000,0.3,7860,False
CSN CSN 11600 face hardened,590,315,206000,80000,0.3,7860,False
CSN CSN 11700 face hardened,686,355,206000,80000,0.3,7860,False
CSN CSN 12010 casehardened,490,325,206000,80000,0.3,7860,True
CSN CSN 12020 casehardened,490,295,206000,80000,0.3,7860,True
CSN CSN 12050 normalized,530,305,206000,80000,0.3,7860,False
CSN CSN 12050 heat treated,640,390,206000,80000,0.3,7860,False
CSN CSN 12061 heat treated,800,500,206000,80000,0.3,7860,False
CSN CSN 12071 heat treated,1535,1069,206000,80000,0.3,7860,False
CSN CSN 13180 heat treated,1535,1069,206000,80000,0.3,7860,False
CSN CSN 13220 normalized,670,430,206000,80000,0.3,7860,False
CSN CSN 13221 normalized,680,440,206000,80000,0.3,7860,False
CSN CSN 13251 heat treated,1270,1069,206000,80000,0.3,7860,False
CSN CSN 13270 heat treated,1420,1069,206000,80000,0.3,7860,False
CSN CSN 14140 heat treated,883,637,206000,80000,0.3,7860,False
CSN CSN 14140 face hardened,932,785,206000,80000,0.3,7860,False
CSN CSN 14140 nitrocasehard,1535,1069,206000,80000,0.3,7860,False
CSN CSN 14220 casehardened,785,588,206000,80000,0.3,7860,False
CSN CSN 14223 casehardened,883,687,206000,80000,0.3,7860,False
CSN CSN 14230 casehardened,981,794,206000,80000,0.3,7860,False
CSN CSN 14260 heat treated,1370,1069,206000,80000,0.3,7860,False
CSN CSN 14262 heat treated,1470,1069,206000,80000,0.3,7860,False
CSN CSN 15222 normalized,690,490,206000,80000,0.3,7860,False
CSN CSN 15230 heat treated,1000,850,206000,80000,0.3,7860,False
CSN CSN 15230 Heattreatment nitrided steel,780,635,206000,80000,0.3,7860,False
CSN CSN 15241 heat treated,1177,981,206000,80000,0.3,7860,False
CSN CSN 15241 heat treated,1535,1069,206000,80000,0.3,7860,False
CSN CSN 15241 face hardened,1177,981,206000,80000,0.3,7860,False
CSN CSN 15330 Heattreatment nitrided steel,834,637,206000,80000,0.3,7860,False
CSN CSN 16220 casehardened,883,637,206000,80000,0.3,7860,False
CSN CSN 16420 casehardened,932,785,206000,80000,0.3,7860,False
CSN CSN 16430 heat treated,1080,880,206000,80000,0.3,7860,False
CSN CSN 16640 heat treated,1535,1069,206000,80000,0.3,7860,False
CSN CSN 17020 normalized,441,245,206000,80000,0.3,7860,False
CSN CSN 17021 normalized,590,415,206000,80000,0.3,7860,False
CSN CSN 17022 normalized,690,455,206000,80000,0.3,7860,False
CSN CSN 17023 normalized,740,495,206000,80000,0.3,7860,False
CSN CSN 17040 normalized,440,265,206000,80000,0.3,7860,True
CSN CSN 17041 normalized,440,295,206000,80000,0.3,7860,True
CSN CSN 17113 normalized,441,245,206000,80000,0.3,7860,False
CSN CSN 17115 normalized,930,685,206000,80000,0.3,7860,False
CSN CSN 17125 normalized,460,270,206000,80000,0.3,7860,True
CSN CSN 17145 normalized,800,560,206000,80000,0.3,7860,False
CSN CSN 17150 normalized,900,650,206000,80000,0.3,7860,False
CSN CSN 17240 normalized,490,186,206000,80000,0.3,7860,False
CSN CSN 17241 normalized,530,195,206000,80000,0.3,7860,False
CSN CSN 17243 normalized,500,190,206000,80000,0.3,7860,False
CSN CSN 17246 normalized,550,210,206000,80000,0.3,7860,False
CSN CSN 17247 normalized,500,195,206000,80000,0.3,7860,False
CSN CSN 17248 normalized,500,205,206000,80000,0.3,7860,False
CSN CSN 17249 normalized,440,175,206000,80000,0.3,7860,False
CSN CSN 17251 normalized,650,350,206000,80000,0.3,7860,False
CSN CSN 17253 normalized,700,350,206000,80000,0.3,7860,False
CSN CSN 17255 normalized,600,250,206000,80000,0.3,7860,False
CSN CSN 17256 normalized,500,230,206000,80000,0.3,7860,False
CSN CSN 17259 normalized,540,265,206000,80000,0.3,7860,False
CSN CSN 17265 normalized,550,230,206000,80000,0.3,7860,False
CSN CSN 17346 normalized,550,205,206000,80000,0.3,7860,False
CSN CSN 17348 normalized,550,215,206000,80000,0.3,7860,False
CSN CSN 17359 normalized,540,275,206000,80000,0.3,7860,False
CSN CSN 17460 normalized,635,295,206000,80000,0.3,7860,False
CSN CSN 17465 normalized,980,590,206000,80000,0.3,7860,False
CSN CSN 17501 normalized,640,490,206000,80000,0.3,7860,False
GOST Steel 08 GOST 105088 normalized,320,196,203000,78000,0.3,7871,False
GOST Steel 10 GOST 105088 normalized,330,205,206000,79000,0.3,7856,False
GOST Steel 10 GOST 105088 casehardened,400,250,206000,79000,0.3,7856,False
GOST Steel 10 GOST 105088 Cold working,410,250,206000,79000,0.3,7856,False
GOST Steel 10 GOST 105088 Annealing or high tempering,290,190,206000,79000,0.3,7856,False
GOST Steel 15 GOST 105088 normalized,370,225,201000,78000,0.29,7850,False
GOST Steel 15 GOST 105088 casehardened,450,250,201000,78000,0.29,7850,False
GOST Steel 15 GOST 105088 Cold working,440,340,201000,78000,0.29,7850,True
GOST Steel 15 GOST 105088 Annealing or high tempering,340,220,201000,78000,0.29,7850,False
GOST Steel 20 GOST 105088 normalized,410,245,212000,82000,0.29,7859,False
GOST Steel 20 GOST 105088 casehardened,500,300,212000,82000,0.29,7859,True
GOST Steel 20 GOST 105088 Cold working,490,300,212000,82000,0.29,7859,True
GOST Steel 20 GOST 105088 Annealing or high tempering,390,240,212000,82000,0.29,7859,False
GOST Steel 25 GOST 105088 normalized,450,275,198000,77000,0.29,7820,True
GOST Steel 25 GOST 105088 casehardened,550,350,198000,77000,0.29,7820,False
GOST Steel 25 GOST 105088 Cold working,540,350,198000,77000,0.29,7820,False
GOST Steel 25 GOST 105088 Annealing or high tempering,410,270,198000,77000,0.29,7820,True
GOST Steel 30 GOST 105088 normalized,490,295,200000,77000,0.3,7850,True
GOST Steel 30 GOST 105088 Improved,600,350,200000,77000,0.3,7850,False
GOST Steel 30 GOST 105088 Cold working,560,340,200000,77000,0.3,7850,False
GOST Steel 30 GOST 105088 Annealing or high tempering,440,290,200000,77000,0.3,7850,True
GOST Steel 30 GOST 105088 Quenched and tempered,575,295,200000,77000,0.3,7850,False
GOST Steel 35 GOST 105088 normalized,530,315,206000,79000,0.3,7826,False
GOST Steel 35 GOST 105088 Improved,650,380,206000,79000,0.3,7826,False
GOST Steel 35 GOST 105088 Quenching and cooling in the water,1000,650,206000,79000,0.3,7826,False
GOST Steel 35 GOST 105088 Cold working,590,350,206000,79000,0.3,7826,False
GOST Steel 35 GOST 105088 Annealing or high tempering,470,310,206000,79000,0.3,7826,True
GOST Steel 35 GOST 105088 Quenched and tempered,625,315,206000,79000,0.3,7826,False
GOST Steel 40 GOST 105088 normalized,570,335,212000,82000,0.29,7850,False
GOST Steel 40 GOST 105088 Improved,700,400,212000,82000,0.29,7850,False
GOST Steel 40 GOST 105088 Quenching and cooling in the water,1000,650,212000,82000,0.29,7850,False
GOST Steel 40 GOST 105088 Cold working,610,380,212000,82000,0.29,7850,False
GOST Steel 40 GOST 105088 Annealing or high tempering,510,330,212000,82000,0.29,7850,False
GOST Steel 40 GOST 105088 Quenched and tempered,675,355,212000,82000,0.29,7850,False
GOST Steel 45 GOST 105088 normalized,600,355,200000,77000,0.3,7810,False
GOST Steel 45 GOST 105088 Improved,750,450,200000,77000,0.3,7810,False
GOST Steel 45 GOST 105088 Quenching and cooling in the oil,900,650,200000,77000,0.3,7810,False
GOST Steel 45 GOST 105088 Quenching and cooling in the water,1000,700,200000,77000,0.3,7810,False
GOST Steel 45 GOST 105088 Quenching and cooling in the water,1200,950,200000,77000,0.3,7810,False
GOST Steel 45 GOST 105088 Quenching and heating,750,450,200000,77000,0.3,7810,False
GOST Steel 45 GOST 105088 Cold working,640,440,200000,77000,0.3,7810,False
GOST Steel 45 GOST 105088 Annealing or high tempering,540,350,200000,77000,0.3,7810,False
GOST Steel 45 GOST 105088 Quenched and tempered,705,375,200000,77000,0.3,7810,False
GOST Steel 50 GOST 105088 normalized,600,355,216000,83000,0.3,7810,False
GOST Steel 50 GOST 105088 Improved,900,700,216000,83000,0.3,7810,False
GOST Steel 50 GOST 105088 Cold working,660,450,216000,83000,0.3,7810,False
GOST Steel 50 GOST 105088 Annealing or high tempering,560,370,216000,83000,0.3,7810,False
GOST Steel 50 GOST 105088 Quenched and tempered,725,400,216000,83000,0.3,7810,False
GOST Steel 55 GOST 105088 normalized,630,375,210000,81000,0.3,7820,False
GOST Steel 55 GOST 105088 Quenched and tempered,775,420,210000,81000,0.3,7820,False
GOST Steel 60 GOST 105088 normalized,680,400,204000,79000,0.29,7810,False
GOST Steel 60 GOST 105088 Quenched and tempered,825,450,204000,79000,0.29,7810,False
GOST Steel 20G GOST 105088 normalized,460,280,204000,79000,0.29,7820,True
GOST Steel 20G GOST 105088 Quenching and cooling in the water,570,420,204000,79000,0.29,7820,False
GOST Steel 30G GOST 105088 normalized,550,320,200000,77000,0.3,7810,False
GOST Steel 30G GOST 105088 Quenching and cooling in the water,680,560,200000,77000,0.3,7810,False
GOST Steel 40G GOST 105088 normalized,600,360,204000,79000,0.29,7810,False
GOST Steel 40G GOST 105088 Quenching and cooling in the water,840,590,204000,79000,0.29,7810,False
GOST Steel 50G GOST 105088 normalized,660,400,216000,84000,0.29,7810,False
GOST Steel 50G GOST 105088 Quenching and cooling in the water,820,560,216000,84000,0.29,7810,False
GOST Steel 65G GOST 105088 normalized,750,440,215000,83000,0.3,7850,False
GOST Steel 65G GOST 105088 Improved,900,700,215000,83000,0.3,7850,False
GOST Steel 65G GOST 105088 Quenching and cooling in the water,1500,1069,215000,83000,0.3,7850,False
GOST Steel 20Ch GOST 454371 normalized,600,300,216000,83000,0.3,7830,False
GOST Steel 20Ch GOST 454371 Improved,700,500,216000,83000,0.3,7830,False
GOST Steel 20Ch GOST 454371 Quenching and cooling in the oil,850,630,216000,83000,0.3,7830,False
GOST Steel 40Ch GOST 454371 normalized,630,330,214000,83000,0.29,7850,False
GOST Steel 40Ch GOST 454371 Improved,800,650,214000,83000,0.29,7850,False
GOST Steel 40Ch GOST 454371 Quenching and cooling in the oil,1100,900,214000,83000,0.29,7850,False
GOST Steel 40Ch GOST 454371 Quenching and cooling in the oil,1300,1069,214000,83000,0.29,7850,False
GOST Steel 45Ch GOST 454371 normalized,650,350,206000,79000,0.3,7820,False
GOST Steel 45Ch GOST 454371 Improved,950,750,206000,79000,0.3,7820,False
GOST Steel 45Ch GOST 454371 Quenching and cooling in the oil,1400,1069,206000,79000,0.3,7820,False
GOST Steel 50Ch GOST 454371 normalized,650,350,207000,80000,0.29,7860,False
GOST Steel 50Ch GOST 454371 Quenching and cooling in the oil,1500,1069,207000,80000,0.29,7860,False
GOST Steel 10G2 GOST 454371 normalized,430,250,204000,79000,0.29,7790,False
GOST Steel 35G2 GOST 454371 normalized,630,370,204000,79000,0.29,7790,False
GOST Steel 35G2 GOST 454371 Quenching and cooling in the water,800,650,204000,79000,0.29,7790,False
GOST Steel 40G2 GOST 454371 normalized,670,390,212000,82000,0.29,7800,False
GOST Steel 40G2 GOST 454371 Quenching and cooling in the oil,1120,950,212000,82000,0.29,7800,False
GOST Steel 45G2 GOST 454371 normalized,700,410,204000,79000,0.29,7810,False
GOST Steel 45G2 GOST 454371 Quenching and cooling in the oil,850,700,204000,79000,0.29,7810,False
GOST Steel 33ChS GOST 454371 normalized,600,300,214000,83000,0.29,7640,False
GOST Steel 33ChS GOST 454371 Quenching and cooling in the oil,900,700,214000,83000,0.29,7640,False
GOST Steel 38ChS GOST 454371 Improved,950,750,211000,82000,0.29,7640,False
GOST Steel 30ChM GOST 454371 Quenching and cooling in the oil,950,750,208000,80000,0.3,7820,False
GOST Steel 35ChM GOST 454371 Quenching and cooling in the oil,1000,850,213000,82000,0.3,7820,False
GOST Steel 35ChM GOST 454371 Quenching and cooling in the oil,1535,1069,213000,82000,0.3,7820,False
GOST Steel 18ChG GOST 454371 Quenching and cooling in the oil,800,735,213000,82000,0.3,7820,False
GOST Steel 18ChGT GOST 454371 normalized,700,430,211000,82000,0.29,7800,False
GOST Steel 18ChGT GOST 454371 Case hardeningquenching and cooling in the oil,1000,800,211000,82000,0.29,7800,False
GOST Steel 30ChGT GOST 454371 Quenching and cooling in the oil,1250,1050,212000,82000,0.29,7800,False
GOST Steel 30ChGT GOST 454371 Case hardeningquenching and cooling in the oil,1100,800,212000,82000,0.29,7800,False
GOST Steel 20ChGSA GOST 454371 Quenching and cooling in the oil,800,650,213000,82000,0.3,7760,False
GOST Steel 20ChGNR GOST 454371 Quenching and cooling in the oil,1300,1069,213000,82000,0.3,7800,False
GOST Steel 20ChGNR GOST 454371 Quenching and cooling in the oil,1450,1069,213000,82000,0.3,7800,False
GOST Steel 40ChFA GOST 454371 Quenching and cooling in the oil,900,750,215000,83000,0.3,7810,False
GOST Steel 40ChFA GOST 454371 Quenching and cooling in the oil,1535,1069,215000,83000,0.3,7810,False
GOST Steel 40ChN GOST 454371 normalized,780,460,200000,77000,0.3,7850,False
GOST Steel 40ChN GOST 454371 Quenching and cooling in the oil,1200,1000,200000,77000,0.3,7850,False
GOST Steel 12ChN2 GOST 454371 Quenching and cooling in the oil,800,600,211000,82000,0.29,7880,False
GOST Steel 12ChN2 GOST 454371 Case hardeningquenching and cooling in the oil,800,600,211000,82000,0.29,7880,False
GOST Steel 12ChN3A GOST 454371 Improved,950,700,200000,77000,0.3,7850,False
GOST Steel 12ChN3A GOST 454371 Quenching and heating,1000,850,200000,77000,0.3,7850,False
GOST Steel 20Ch2N4A GOST 454371 Quenching and heating,680,450,203000,78000,0.3,7850,False
GOST Steel 20Ch2N4A GOST 454371 Case hardeningquenching and cooling in the oil,1100,850,203000,78000,0.3,7850,False
GOST Steel 20Ch2N4A GOST 454371 Quenching and cooling in the oil,1300,1069,203000,78000,0.3,7850,False
GOST Steel 30ChGS GOST 454371 Annealing,600,360,213000,82000,0.3,7850,False
GOST Steel 30ChGSA GOST 454371 Improved,1100,850,215000,83000,0.3,7850,False
GOST Steel 30ChGSA GOST 454371 Quenching and cooling in the oil,1500,1069,215000,83000,0.3,7850,False
GOST Steel 38Ch210 GOST 454371 Quenching and cooling in the oil,800,700,215000,83000,0.3,7850,False
GOST Steel 38ChA GOST 454371 Quenched and tempered,930,785,206000,80000,0.29,7860,False
GOST Steel 20 GOST 157793 normalized,475,230,206000,80000,0.29,7860,False
GOST Steel 20 GOST 157793 normalized,450,210,206000,80000,0.29,7860,False
GOST Steel 20 GOST 157793 Quenched and tempered,625,350,206000,80000,0.29,7860,False
GOST Steel 20 GOST 157793 Quenched and tempered,575,300,206000,80000,0.29,7860,False
GOST Steel 25 GOST 157793 normalized,495,260,206000,80000,0.29,7860,True
GOST Steel 25 GOST 157793 normalized,495,240,206000,80000,0.29,7860,False
GOST Steel 25 GOST 157793 normalized,475,220,206000,80000,0.29,7860,False
GOST Steel 25 GOST 157793 Quenched and tempered,625,370,206000,80000,0.29,7860,False
GOST Steel 25 GOST 157793 Quenched and tempered,575,320,206000,80000,0.29,7860,False
GOST Steel 30 GOST 157793 normalized,540,280,206000,80000,0.29,7860,False
GOST Steel 30 GOST 157793 normalized,540,250,206000,80000,0.29,7860,False
GOST Steel 30 GOST 157793 normalized,520,230,206000,80000,0.29,7860,False
GOST Steel 30 GOST 157793 Quenched and tempered,675,400,206000,80000,0.29,7860,False
GOST Steel 30 GOST 157793 Quenched and tempered,625,350,206000,80000,0.29,7860,False
GOST Steel 30 GOST 157793 Quenched and tempered,575,300,206000,80000,0.29,7860,False
GOST Steel 35 GOST 157793 normalized,575,300,206000,80000,0.29,7860,False
GOST Steel 35 GOST 157793 normalized,575,270,206000,80000,0.29,7860,False
GOST Steel 35 GOST 157793 normalized,555,245,206000,80000,0.29,7860,False
GOST Steel 35 GOST 157793 Quenched and tempered,705,430,206000,80000,0.29,7860,False
GOST Steel 35 GOST 157793 Quenched and tempered,675,370,206000,80000,0.29,7860,False
GOST Steel 35 GOST 157793 Quenched and tempered,625,320,206000,80000,0.29,7860,False
GOST Steel 40 GOST 157793 normalized,625,320,206000,80000,0.29,7860,False
GOST Steel 40 GOST 157793 normalized,625,290,206000,80000,0.29,7860,False
GOST Steel 40 GOST 157793 normalized,605,260,206000,80000,0.29,7860,False
GOST Steel 40 GOST 157793 Quenched and tempered,725,460,206000,80000,0.29,7860,False
GOST Steel 40 GOST 157793 Quenched and tempered,705,400,206000,80000,0.29,7860,False
GOST Steel 40 GOST 157793 Quenched and tempered,675,350,206000,80000,0.29,7860,False
GOST Steel 45 GOST 157793 normalized,675,340,206000,80000,0.29,7860,False
GOST Steel 45 GOST 157793 normalized,675,305,206000,80000,0.29,7860,False
GOST Steel 45 GOST 157793 normalized,655,275,206000,80000,0.29,7860,False
GOST Steel 45 GOST 157793 Quenched and tempered,775,500,206000,80000,0.29,7860,False
GOST Steel 45 GOST 157793 Quenched and tempered,725,430,206000,80000,0.29,7860,False
GOST Steel 45 GOST 157793 Quenched and tempered,705,370,206000,80000,0.29,7860,False
GOST Steel 50 GOST 157793 normalized,710,355,206000,80000,0.29,7860,False
GOST Steel 50 GOST 157793 normalized,710,320,206000,80000,0.29,7860,False
GOST Steel 50 GOST 157793 normalized,690,290,206000,80000,0.29,7860,False
GOST Steel 50 GOST 157793 Quenched and tempered,825,520,206000,80000,0.29,7860,False
GOST Steel 50 GOST 157793 Quenched and tempered,775,460,206000,80000,0.29,7860,False
GOST Steel 50 GOST 157793 Quenched and tempered,725,400,206000,80000,0.29,7860,False
GOST Steel 55 GOST 157793 normalized,750,370,206000,80000,0.29,7860,False
GOST Steel 55 GOST 157793 normalized,750,330,206000,80000,0.29,7860,False
GOST Steel 55 GOST 157793 normalized,730,300,206000,80000,0.29,7860,False
GOST Steel 55 GOST 157793 Quenched and tempered,875,550,206000,80000,0.29,7860,False
GOST Steel 55 GOST 157793 Quenched and tempered,825,500,206000,80000,0.29,7860,False
GOST Steel 55 GOST 157793 Quenched and tempered,775,430,206000,80000,0.29,7860,False
GOST Steel 60 GOST 157793 normalized,785,380,206000,80000,0.29,7860,False
GOST Steel 60 GOST 157793 normalized,785,340,206000,80000,0.29,7860,False
GOST Steel 60 GOST 157793 normalized,755,310,206000,80000,0.29,7860,False
GOST Steel 60 GOST 157793 Quenched and tempered,925,580,206000,80000,0.29,7860,False
GOST Steel 60 GOST 157793 Quenched and tempered,875,520,206000,80000,0.29,7860,False
GOST Steel 60 GOST 157793 Quenched and tempered,825,450,206000,80000,0.29,7860,False
GOST Steel 30Ch GOST 157793 Quenched and tempered,925,650,206000,80000,0.29,7860,False
GOST Steel 30Ch GOST 157793 Quenched and tempered,825,550,206000,80000,0.29,7860,False
GOST Steel 30Ch GOST 157793 Quenched and tempered,725,410,206000,80000,0.29,7860,False
GOST Steel 38ChA GOST 157793 Quenched and tempered,1050,750,206000,80000,0.29,7860,False
GOST Steel 38ChA GOST 157793 Quenched and tempered,925,630,206000,80000,0.29,7860,False
GOST Steel 38ChA GOST 157793 Quenched and tempered,825,510,206000,80000,0.29,7860,False
GOST Steel 40Ch GOST 157793 Quenched and tempered,1100,800,206000,80000,0.29,7860,False
GOST Steel 40Ch GOST 157793 Quenched and tempered,1000,660,206000,80000,0.29,7860,False
GOST Steel 40Ch GOST 157793 Quenched and tempered,875,560,206000,80000,0.29,7860,False
GOST Steel 15L GOST 97788 normalized,392,196,200000,77000,0.3,7820,False
GOST Steel 20L GOST 97788 normalized,412,216,200000,77000,0.3,7820,False
GOST Steel 25L GOST 97788 normalized,441,235,205000,79000,0.3,7830,False
GOST Steel 30L GOST 97788 normalized,471,255,210000,81000,0.3,7810,True
GOST Steel 35L GOST 97788 normalized,491,275,212000,82000,0.29,7830,True
GOST Steel 40L GOST 97788 normalized,520,294,215000,83000,0.3,7810,False
GOST Steel 45L GOST 97788 normalized,540,314,215000,83000,0.3,7800,False
GOST Steel 50L GOST 97788 normalized,569,334,219000,85000,0.29,7820,False
GOST Steel 20GL GOST 97788 normalized,540,275,200000,77000,0.3,7820,False
GOST Steel 35GL GOST 97788 normalized,540,294,200000,77000,0.3,7820,False
GOST Steel 35GL GOST 97788 Quenching and cooling in the water,589,343,200000,77000,0.3,7820,False
GOST Steel 20GSL GOST 97788 normalized,540,294,200000,77000,0.3,7820,False
GOST Steel 30GSL GOST 97788 normalized,589,343,200000,77000,0.3,7820,False
GOST Steel 30GSL GOST 97788 Quenching and cooling in the water,638,392,200000,77000,0.3,7820,False
GOST Steel 20G1FL GOST 97788 normalized,510,314,200000,77000,0.3,7820,False
GOST Steel 20FL GOST 97788 normalized,491,294,200000,77000,0.3,7820,True
GOST Steel 30ChGSFL GOST 97788 normalized,589,392,200000,77000,0.3,7820,False
GOST Steel 45FL GOST 97788 normalized,589,392,200000,77000,0.3,7820,False
GOST Steel 20ChML GOST 97788 normalized,441,245,215000,83000,0.3,7800,False
GOST Steel 20ChMFL GOST 97788 normalized,491,275,200000,77000,0.3,7820,True
GOST Steel 20GNMFL GOST 97788 normalized,589,491,200000,77000,0.3,7820,False
GOST Steel 35ChML GOST 97788 normalized,589,392,215000,83000,0.3,7840,False
GOST Steel 30ChNML GOST 97788 normalized,687,540,200000,77000,0.3,7820,False
GOST Steel 35ChGSL GOST 97788 normalized,589,343,215000,83000,0.3,7800,False
GOST Steel 35ChGSL GOST 97788 Quenching and cooling in the water,785,589,215000,83000,0.3,7800,False
GOST Steel 20DChL GOST 97788 normalized,491,392,200000,77000,0.3,7820,False
GOST Steel 08GDNFL GOST 97788 normalized,441,343,212000,82000,0.29,7820,True
GOST Steel 13ChNDFTL GOST 97788 normalized,491,392,200000,77000,0.3,7820,False
GOST Steel 12DN2FL GOST 97788 normalized,638,540,200000,77000,0.3,7820,False
GOST Steel 25L GOST 97788 Quenched and tempered,491,294,205000,79000,0.3,7830,True
GOST Steel 30L GOST 97788 Quenched and tempered,491,294,205000,79000,0.3,7810,True
GOST Steel 35L GOST 97788 Quenched and tempered,540,343,205000,79000,0.3,7830,False
GOST Steel 40L GOST 97788 Quenched and tempered,540,343,205000,79000,0.3,7810,False
GOST Steel 45L GOST 97788 Quenched and tempered,589,392,205000,79000,0.3,7800,False
GOST Steel 50L GOST 97788 Quenched and tempered,736,392,205000,79000,0.3,7820,False
GOST Steel 20GL GOST 97788 Quenched and tempered,530,334,205000,79000,0.3,7820,False
GOST Steel 35GL GOST 97788 Quenched and tempered,589,343,200000,77000,0.3,7820,False
GOST Steel 30GSL GOST 97788 Quenched and tempered,638,392,200000,77000,0.3,7820,False
GOST Steel 30ChGSFL GOST 97788 Quenched and tempered,785,589,200000,77000,0.3,7820,False
GOST Steel 30ChGSFL GOST 97788 Quenched and tempered,687,491,200000,77000,0.3,7820,False
GOST Steel 45FL GOST 97788 Quenched and tempered,638,441,200000,77000,0.3,7820,False
GOST Steel 32Ch06L GOST 97788 Quenched and tempered,638,491,205000,79000,0.3,7850,False
GOST Steel 20GNMFL GOST 97788 Quenched and tempered,687,589,200000,77000,0.3,7820,False
GOST Steel 35ChML GOST 97788 Quenched and tempered,687,540,205000,79000,0.3,7840,False
GOST Steel 30ChNML GOST 97788 Quenched and tempered,785,638,205000,79000,0.3,7820,False
GOST Steel 35ChGSL GOST 97788 Quenched and tempered,785,589,205000,79000,0.3,7800,False
GOST Steel 35NGML GOST 97788 Quenched and tempered,736,589,200000,77000,0.3,7820,False
GOST Steel 20DChL GOST 97788 Quenched and tempered,638,540,200000,77000,0.3,7820,False
GOST Steel 12DN2FL GOST 97788 Quenched and tempered,785,638,200000,77000,0.3,7820,False
GOST Steel 12DChN1MFL GOST 97788 Quenched and tempered,981,735,200000,77000,0.3,7820,False
GOST Steel 23ChGS2MFL GOST 97788 Quenched and tempered,1275,1069,200000,77000,0.3,7820,False
GOST Steel 12Ch7G3SL GOST 97788 Quenched and tempered,1324,1069,200000,77000,0.3,7820,False
GOST Steel 25Ch2GNMFL1 GOST 97788 Quenched and tempered,638,491,200000,77000,0.3,7820,False
GOST Steel 25Ch2GNMFL2 GOST 97788 Quenched and tempered,1275,1069,200000,77000,0.3,7820,False
GOST Steel 27Ch5GSML GOST 97788 Quenched and tempered,1472,1069,200000,77000,0.3,7820,False
GOST Steel 30Ch3S3GML GOST 97788 Quenched and tempered,1535,1069,200000,77000,0.3,7820,False
GOST Steel 03N12Ch5M3TL GOST 97788 Quenched and tempered,1324,1069,200000,77000,0.3,7820,False
GOST Steel 03N12Ch5M3TJuL GOST 97788 Quenched and tempered,1472,1069,200000,77000,0.3,7820,False
GOST Steel 40ChL GOST 97788 Quenching and cooling in the oil,638,491,219000,85000,0.29,7840,False
GOST Steel 50ChFA GOST 1495979 heat treated,1270,1069,206000,80000,0.3,7860,False
GOST Steel 55S2 GOST 1495979 heat treated,1270,1069,206000,80000,0.3,7860,False
GOST Steel 50ChGA GOST 1495979 heat treated,1270,1069,206000,80000,0.3,7860,False
GOST Steel 50ChGFA GOST 1495979 heat treated,1420,1069,206000,80000,0.3,7860,False
NF NF XC48H1 heat treated,710,460,206000,80000,0.3,7860,False
NF NF 51S7 heat treated,1500,1069,206000,80000,0.3,7860,False
NF NF 16MC5 casehardened,980,700,206000,80000,0.3,7860,False
NF NF 20MC5 casehardened,1200,850,206000,80000,0.3,7860,False
NF NF 55C3 heat treated,1370,1069,206000,80000,0.3,7860,False
NF NF 42CD4 heat treated,980,770,206000,80000,0.3,7860,False
NF NF 42CD4TS face hardened,980,815,206000,80000,0.3,7860,False
NF NF 50CV4 heat treated,1320,1069,206000,80000,0.3,7860,False
NF NF 40CAD612 nitrided,900,720,206000,80000,0.3,7860,False
NF NF 30CD12 heat treated,1030,810,206000,80000,0.3,7860,False
NF NF 30CD12 nitrided,980,770,206000,80000,0.3,7860,False
NF NF 16NC6 casehardened,1100,800,206000,80000,0.3,7860,False
NF NF 18NCD6 casehardened,1200,850,206000,80000,0.3,7860,False
NF NF 30CND8 heat treated,1030,850,206000,80000,0.3,7860,False
JIS JIS SUP9 heat treated,1226,1069,206000,80000,0.3,7860,False
